<assembly xmlns="http://maven.apache.org/ASSEMBLY/2.0.0" xmlns:xsi="http://www.w3.org/2001/XMLSchema-instance"
          xsi:schemaLocation="http://maven.apache.org/ASSEMBLY/2.0.0 http://maven.apache.org/xsd/assembly-2.0.0.xsd">
	<id>assembly</id>
	<formats>
		<format>zip</format>
	</formats>
	<!-- <includeBaseDirectory>false</includeBaseDirectory> -->
	<dependencySets>
		<dependencySet>
			<useProjectArtifact>true</useProjectArtifact>
			<outputDirectory>lib</outputDirectory>
		</dependencySet>
	</dependencySets>
	<fileSets>
		<fileSet>
			<directory>${project.basedir}/src/main/shell</directory>
			<outputDirectory>bin</outputDirectory>
			<includes>
				<include>dump.sh</include>
				<include>start.sh</include>
				<include>stop.sh</include>
			</includes>
			<fileMode>0755</fileMode>
		</fileSet>
		<fileSet>
			<filtered>true</filtered>
			<directory>${project.basedir}/src/main/resources</directory>
			<includes>
				<!--<include>application.yml</include>-->
				<include>application-${active.profile}.yml</include>
				<include>log4j2-${active.profile}.xml</include>
				<include>navigation/**</include>
				<include>emailTemplate/**</include>
				<include>messages.properties</include>
			</includes>
			<outputDirectory>conf/</outputDirectory>
		</fileSet>
	</fileSets>
</assembly>