<?xml version="1.0" encoding="UTF-8"?>
<configuration status="error" monitorInterval="60">

	<properties>
		<property name="LOG_HOME">logs</property>
		<property name="BACKUP_HOME">{LOG_HOME}/backup</property>
		<property name="STAT_NAME">stat</property>
		<property name="SERVER_NAME">global</property>
	</properties>

	<appenders>
		<Console name="consoleAppender" target="SYSTEM_OUT">
			<ThresholdFilter level="trace" onMatch="ACCEPT" onMismatch="DENY"/>
			<PatternLayout pattern="%d{yyyy-MM-dd HH:mm:ss.SSS}| %-21t| %-5level| %-100class{36}| %-5L| %msg%xEx%n"/>
		</Console>

		<RollingRandomAccessFile name="fileAppender" fileName="${LOG_HOME}/dsp_business.log"
								 filePattern="${LOG_HOME}/$${date:yyyy-MM-dd}/dsp_business.log.%d{yyyy-MM-dd}-%i">
			<PatternLayout pattern="[%d{yyyy-MM-dd HH:mm:ss.SSS}] [%t] %-5level %class{36} %L - %msg%xEx%n"/>
			<TimeBasedTriggeringPolicy/>
			<DefaultRolloverStrategy>
				<Delete basePath="${LOG_HOME}" maxDepth="2">
					<IfFileName glob="*/dsp_business.log-*"/>
					<IfLastModified age="7d"/>
				</Delete>
			</DefaultRolloverStrategy>
		</RollingRandomAccessFile>

	</appenders>

	<loggers>
		<logger name="org.springframework" level="warn"/>
		<logger name="org.apache.http.impl.conn.PoolingHttpClientConnectionManager" level="info"/>
		<logger name="org.apache.http" level="info"/>
		<logger name="org.apache.zookeeper" level="info"/>
		<logger name="com.alibaba.dubbo" level="info"/>
		<logger name="org.apache.ibatis.logging" level="info"/>
		<logger name="org.mybatis" level="info"/>
		<logger name="org.springframework" level="warn"/>
		<logger name="com.zaxxer.hikari" level="info"/>

		<root level="debug" includeLocation="true">
			<appender-ref ref="fileAppender"/>
		</root>
	</loggers>
</configuration>